{
  "hash": "d0270621",
  "configHash": "7b772df6",
  "lockfileHash": "63128a3d",
  "browserHash": "5c59c160",
  "optimized": {
    "@angular/core": {
      "src": "../../../../../../node_modules/@angular/core/fesm2022/core.mjs",
      "file": "@angular_core.js",
      "fileHash": "c50cf9da",
      "needsInterop": false
    },
    "@angular/platform-browser": {
      "src": "../../../../../../node_modules/@angular/platform-browser/fesm2022/platform-browser.mjs",
      "file": "@angular_platform-browser.js",
      "fileHash": "0bd2a66a",
      "needsInterop": false
    },
    "@angular/router": {
      "src": "../../../../../../node_modules/@angular/router/fesm2022/router.mjs",
      "file": "@angular_router.js",
      "fileHash": "1196bad6",
      "needsInterop": false
    },
    "@angular/common/http": {
      "src": "../../../../../../node_modules/@angular/common/fesm2022/http.mjs",
      "file": "@angular_common_http.js",
      "fileHash": "a6aa6b3e",
      "needsInterop": false
    },
    "@angular/forms": {
      "src": "../../../../../../node_modules/@angular/forms/fesm2022/forms.mjs",
      "file": "@angular_forms.js",
      "fileHash": "563fa06c",
      "needsInterop": false
    },
    "@angular/common": {
      "src": "../../../../../../node_modules/@angular/common/fesm2022/common.mjs",
      "file": "@angular_common.js",
      "fileHash": "44958e65",
      "needsInterop": false
    },
    "@primeng/themes/aura": {
      "src": "../../../../../../node_modules/@primeng/themes/aura/index.mjs",
      "file": "@primeng_themes_aura.js",
      "fileHash": "6bf8b245",
      "needsInterop": false
    },
    "primeng/config": {
      "src": "../../../../../../node_modules/primeng/fesm2022/primeng-config.mjs",
      "file": "primeng_config.js",
      "fileHash": "7f1ec809",
      "needsInterop": false
    },
    "@angular/platform-browser/animations/async": {
      "src": "../../../../../../node_modules/@angular/platform-browser/fesm2022/animations/async.mjs",
      "file": "@angular_platform-browser_animations_async.js",
      "fileHash": "78dbbbf7",
      "needsInterop": false
    },
    "primeng/table": {
      "src": "../../../../../../node_modules/primeng/fesm2022/primeng-table.mjs",
      "file": "primeng_table.js",
      "fileHash": "65d8e1b2",
      "needsInterop": false
    },
    "primeng/api": {
      "src": "../../../../../../node_modules/primeng/fesm2022/primeng-api.mjs",
      "file": "primeng_api.js",
      "fileHash": "61996330",
      "needsInterop": false
    },
    "primeng/scroller": {
      "src": "../../../../../../node_modules/primeng/fesm2022/primeng-scroller.mjs",
      "file": "primeng_scroller.js",
      "fileHash": "c4bad2f4",
      "needsInterop": false
    }
  },
  "chunks": {
    "browser-VHBKCJ6I": {
      "file": "browser-VHBKCJ6I.js"
    },
    "chunk-CYWFQVT5": {
      "file": "chunk-CYWFQVT5.js"
    },
    "chunk-FTL5WKNW": {
      "file": "chunk-FTL5WKNW.js"
    },
    "chunk-TB6QKX74": {
      "file": "chunk-TB6QKX74.js"
    },
    "chunk-QJIKDRTM": {
      "file": "chunk-QJIKDRTM.js"
    },
    "chunk-HALM3MBG": {
      "file": "chunk-HALM3MBG.js"
    },
    "chunk-HVHDZKTX": {
      "file": "chunk-HVHDZKTX.js"
    },
    "chunk-OLNZ7ZLN": {
      "file": "chunk-OLNZ7ZLN.js"
    },
    "chunk-NNUANF7Y": {
      "file": "chunk-NNUANF7Y.js"
    },
    "chunk-UBVGGP7U": {
      "file": "chunk-UBVGGP7U.js"
    },
    "chunk-KQRM5WX6": {
      "file": "chunk-KQRM5WX6.js"
    },
    "chunk-6PKJECK2": {
      "file": "chunk-6PKJECK2.js"
    },
    "chunk-GOMI4DH3": {
      "file": "chunk-GOMI4DH3.js"
    }
  }
}